,name,baseline,dataset_len
1,Books_5,20.751694705389948,3316
2,Clothing_Shoes_and_Jewelry_5,20.92197617152311,1377
5,Home_and_Kitchen_5,21.31835002981567,842
3,Electronics_5,21.774488263574046,822
7,Movies_and_TV_5,20.071446623960284,416
6,Kindle_Store_5,20.269183174240805,271
0,Automotive_5,23.205572092425076,208
4,Grocery_and_Gourmet_Food_5,22.454820352719253,139
