,name,test_loss,train_loss,split,factors,epochs,learning_rate,regularization,dataset_len
1,Books_5,1.0798705581086365,0.56155664,100,8,400,0.1,0.0001,3316
2,Clothing_Shoes_and_Jewelry_5,1.5382603390817842,0.7090894,100,8,250,0.1,0.0001,1377
5,Home_and_Kitchen_5,1.4863889816620748,0.680708,100,8,200,0.1,0.0001,842
3,Electronics_5,1.8900083930429823,0.7804606,100,8,200,0.1,0.0001,822
7,Movies_and_TV_5,1.5691830711041035,1.5660506,100,8,100,0.1,0.0001,416
6,Kindle_Store_5,0.8005883969461768,1.5208311,100,8,80,0.1,0.0001,271
0,Automotive_5,1.5604507053647008,1.8083004,100,8,80,0.1,0.0001,208
4,Grocery_and_Gourmet_Food_5,1.386954414553656,1.3372312,100,8,80,0.1,0.0001,139
